Number,Designation,Constellation,Converted,HD
4,Alpheratz,Andromeda,Alpheratz,358
5,Mirach,Andromeda,Mirach,6860
6,Almach,Andromeda,Almach,12533
7,Delta Andromedae,Andromeda,δ And,3627
8,Nembus,Andromeda,Nembus,9927
9,Omicron Andromedae,Andromeda,ο And,217675
10,Lambda Andromedae,Andromeda,λ And,222107
11,Mu Andromedae,Andromeda,μ And,5448
12,Zeta Andromedae,Andromeda,ζ And,4502
13,Upsilon Andromedae,Andromeda,υ And,9826
14,Kappa Andromedae,Andromeda,κ And,222439
15,Phi Andromedae,Andromeda,φ And,6811
16,Iota Andromedae,Andromeda,ι And,222173
17,Pi Andromedae,Andromeda,π And,3369
18,Epsilon Andromedae,Andromeda,ε And,3546
19,Eta Andromedae,Andromeda,η And,5516
20,Sigma Andromedae,Andromeda,σ And,1404
21,Nu Andromedae,Andromeda,ν And,4727
22,Theta Andromedae,Andromeda,θ And,1280
23,Adhil,Andromeda,Adhil,8207
1,Alpha Antilae,Antlia,α Ant,90610
2,Epsilon Antilae,Antlia,ε Ant,82150
3,Iota Antilae,Antlia,ι Ant,94890
4,Theta Antilae,Antlia,θ Ant,84367
1,Alpha Apodis,Apus,α Aps,129078
2,Gamma Apodis,Apus,γ Aps,147675
3,Beta Apodis,Apus,β Aps,149324
4,Delta-1 Apodis,Apus,δ1 Aps,145366
5,Delta-2 Apodis,Apus,δ2 Aps,145388
4,Sadalsuud,Aquarius,Sadalsuud,204867
5,Sadalmelik,Aquarius,Sadalmelik,209750
6,Skat,Aquarius,Skat,216627
7,Sadaltager,Aquarius,Sadaltager,213051
8,Lambda Aquarii,Aquarius,λ Aqr,216386
9,Albali,Aquarius,Albali,198001
10,Sadachbia,Aquarius,Sadachbia,212061
11,Eta Aquarii,Aquarius,η Aqr,213998
12,Tau-2 Aquarii,Aquarius,τ2 Aqr,216032
13,Ancha,Aquarius,Ancha,211391
14,Phi Aquarii,Aquarius,φ Aqr,219215
15,Iota Aquarii,Aquarius,ι Aqr,209819
16,Psi-1 Aquarii,Aquarius,ψ1 Aqr,219449
17,Psi-2 Aquarii,Aquarius,ψ2 Aqr,219688
18,Omega-2 Aquarii,Aquarius,ω2 Aqr,222661
19,Nu Aquarii,Aquarius,ν Aqr,201381
20,Pi Aquarii,Aquarius,π Aqr,212571
21,Mu Aquarii,Aquarius,μ Aqr,198743
22,Sigma Aquarii,Aquarius,σ Aqr,213320
23,Omega-1 Aquarii,Aquarius,ω1 Aqr,222345
24,Psi-3 Aquarii,Aquarius,ψ3 Aqr,219832
25,Situla,Aquarius,Situla,214376
1,Altair,Aquila,Altair,187642
2,Tarazed,Aquila,Tarazed,186791
3,Zeta Aquilae,Aquila,ζ Aql,177724
4,Tseen Foo,Aquila,Tseen Foo,191692
5,Delta Aquilae,Aquila,δ Aql,182640
6,Lambda Aquilae,Aquila,λ Aql,177756
7,Alshain,Aquila,Alshain,188512
8,Eta Aquilae,Aquila,η Aql,187929
9,Epsilon Aquilae,Aquila,ε Aql,176411
10,Iota Aquilae,Aquila,ι Aql,184930
1,Beta Arae,Ara,β Ara,157244
2,Alpha Arae,Ara,α Ara,158427
3,Zeta Arae,Ara,ζ Ara,152786
4,Gamma Arae,Ara,γ Ara,157246
5,Delta Arae,Ara,δ Ara,158094
6,Theta Arae,Ara,θ Ara,165024
7,Eta Arae,Ara,η Ara,151249
8,Epsilon-1 Arae,Ara,ε1 Ara,152980
1,Hamal,Aries,Hamal,12929
2,Sheratan,Aries,Sheratan,11636
3,41 Arietis,Aries,41 Ari,17573
4,Mesarthim,Aries,Mesarthim,11503
5,Botein,Aries,Botein,19787
6,Epsilon Arietis,Aries,ε Ari,18519
7,Lambda Arietis,Aries,λ Ari,11973
8,Zeta Arietis,Aries,ζ Ari,20150
4,Capella,Auriga,Capella,34029
5,Menkalinan,Auriga,Menkalinan,40183
6,Mahasim,Auriga,Mahasim,40312
7,Hassaleh,Auriga,Hassaleh,31398
8,Almaaz,Auriga,Almaaz,31964
9,Haedus II,Auriga,Haedus II,32630
10,Delta Aurigae,Auriga,δ Aur,40035
11,Eta Aurigae,Auriga,η Aur,32630
12,Nu Aurigae,Auriga,ν Aur,39003
13,Tau Aurigae,Auriga,τ Aur,38656
14,Upsilon Aurigae,Auriga,υ Aur,38944
1,Arcturus,Boötes,Arcturus,124897
2,Izar,Boötes,Izar,129988
3,Muphrid,Boötes,Muphrid,121370
4,Seginus,Boötes,Seginus,127762
5,Delta Boötis,Boötes,δ Boo,135722
6,Nekkar,Boötes,Nekkar,133208
7,Sigma Boötis,Boötes,σ Boo,128167
8,Rho Boötis,Boötes,ρ Boo,127665
9,Zeta Boötis,Boötes,ζ Boo,Manual
10,Asellus Primus,Boötes,Asellus Primus,126660
11,Upsilon Boötis,Boötes,υ Boo,120477
12,Lambda Boötis,Boötes,λ Boo,125162
13,Alkalurops,Boötes,Alkalurops,137391
14,Tau Boötis,Boötes,τ Boo,120136
15,Psi Boötis,Boötes,ψ Boo,133582
16,Asellus Tertius,Boötes,Asellus Tertius,124675
17,Xi Boötis,Boötes,ξ Boo,131156
18,Iota Boötis,Boötes,ι Boo,125161
19,Merga,Boötes,Merga,130945
1,Alpha Caeli,Caelum,α Cae,29875
2,Gamma-1 Caeli,Caelum,γ1 Cae,32831
3,Beta Caeli,Caelum,β Cae,29992
4,Delta Caeli,Caelum,δ Cae,28873
1,Beta Camelopardalis,Camelopardalis,β Cam,31910
2,CS Camelopardalis,Camelopardalis,CS Cam,21291
3,Alpha Camelopardalis,Camelopardalis,α Cam,30614
4,Gamma Camelopardalis,Camelopardalis,γ Cam,23401
3,Beta Cancri,Cancer,β Cnc,69267
4,Asellus Australis,Cancer,Asellus Australis,74442
5,Acubens,Cancer,Acubens,76756
6,Asellus Borealis,Cancer,Asellus Borealis,74198
7,Zeta Cancri,Cancer,ζ Cnc,682556825668257
6,Cor Caroli,Canes Venatici,Cor Caroli,112413
7,Chara,Canes Venatici,Chara,109358
8,La Superba,Canes Venatici,La Superba,110914
2,Alpha Canis Majoris,Canis Major,α CMa,Manual
3,Adhara,Canis Major,Adhara,52089
4,Wezen,Canis Major,Wezen,54605
5,Mirzam,Canis Major,Mirzam,44743
6,Aludra,Canis Major,Aludra,58350
7,Furud,Canis Major,Furud,44402
8,Kappa Canis Majoris,Canis Major,κ CMa,50013
9,Theta Canis Majoris,Canis Major,θ CMa,50778
10,Muliphen,Canis Major,Muliphen,161868
11,Iota Canis Majoris,Canis Major,ι CMa,51309
1,Procyon,Canis Minor,Procyon,61421
2,Gomeisa,Canis Minor,Gomeisa,58715
3,Gamma Canis Minoris,Canis Minor,γ CMi,58972
4,Epsilon Canis Minoris,Canis Minor,ε CMi,58367
2,Deneb Algedi,Capricornus,Deneb Algedi,207098
3,Dabih,Capricornus,Dabih,193495
4,Alpha-2 Capricorni,Capricornus,α2 Cap,192947
5,Nashira,Capricornus,Nashira,206088
6,Yen,Capricornus,Yen,204075
7,Dorsum,Capricornus,Dorsum,200761
8,Omega Capricorni,Capricornus,ω Cap,198542
9,Psi Capricorni,Capricornus,ψ Cap,197692
10,Alpha-1 Capricorni,Capricornus,α1 Cap,192876
11,Iota Capricorni,Capricornus,ι Cap,203387
12,Alshat,Capricornus,Alshat,193432
1,Canopus,Carina,Canopus,45348
2,Miaplacidus,Carina,Miaplacidus,80007
3,Avior,Carina,Avior,71129
4,Aspidiske,Carina,Aspidiske,80404
5,Theta Carinae,Carina,θ Car,93030
6,Upsilon Carinae,Carina,υ Car,85123
7,Omega Carinae,Carina,ω Car,89080
8,Foramen,Carina,Foramen,93308
9,Chi Carinae,Carina,χ Car,65575
3,Alpha Cassiopeiae,Cassiopeia,α Cas,3712
4,Caph,Cassiopeia,Caph,432
5,Gamma Cassiopeiae,Cassiopeia,γ Cas,5394
6,Delta Cassiopeiae,Cassiopeia,δ Cas,8538
7,Epsilon Cassiopeiae,Cassiopeia,ε Cas,11415
8,Achird,Cassiopeia,Achird,4614
9,Zeta Cassiopeiae,Cassiopeia,ζ Cas,3360
10,Kappa Cassiopeiae,Cassiopeia,κ Cas,2905
11,Theta Cassiopeiae,Cassiopeia,θ Cas,6961
12,Chi Cassiopeiae,Cassiopeia,χ Cas,9408
13,Castula,Cassiopeia,Castula,5395
1,Alpha Centauri,Centaurus,α Cen,
2,Beta Centauri,Centaurus,β Cen,122451
3,Menkent,Centaurus,Menkent,123139
4,Muhlifain,Centaurus,Muhlifain,110304
5,Epsilon Centauri,Centaurus,ε Cen,118716
6,Eta Centauri,Centaurus,η Cen,127972
7,Alnair,Centaurus,Alnair,Manual
8,Delta Centauri,Centaurus,δ Cen,105435
9,Iota Centauri,Centaurus,ι Cen,115892
10,Kappa Centauri,Centaurus,κ Cen,132200
11,Nu Centauri,Centaurus,ν Cen,120307
12,Mu Centauri,Centaurus,μ Cen,120324
13,Pi Centauri,Centaurus,π Cen,98718
14,Sigma Centauri,Centaurus,σ Cen,108483
1,Alderamin,Cepheus,Alderamin,203280
2,Alfirk,Cepheus,Alfirk,205021
3,Alrai,Cepheus,Alrai,161096
4,Zeta Cephei,Cepheus,ζ Cep,210745
5,Eta Cephei,Cepheus,η Cep,198149
6,Iota Cephei,Cepheus,ι Cep,216228
7,Delta Cephei,Cepheus,δ Cep,Manual
8,Mu Cephei,Cepheus,μ Cep,206936
9,Epsilon Cephei,Cepheus,ε Cep,211336
10,Theta Cephei,Cepheus,θ Cep,195725
11,Nu Cephei,Cepheus,ν Cep,207260
12,Xi Cephei,Cepheus,ξ Cep,Manual
13,Pi Cephei,Cepheus,π Cep,218658
14,Al Kalb al Rai,Cepheus,Al Kalb al Rai,213798
2,Diphda,Cetus,Diphda,4128
3,Alpha Ceti,Cetus,α Cet,18884
4,Eta Ceti,Cetus,η Cet,6805
5,Kaffaljidhma,Cetus,Kaffaljidhma,16970
6,Mira,Cetus,Mira,14386
7,Tau Ceti,Cetus,τ Cet,10700
8,Deneb Kaitos Shemali,Cetus,Deneb Kaitos Shemali,1522
9,Theta Ceti,Cetus,θ Cet,8512
10,Baten Kaitos,Cetus,Baten Kaitos,11353
11,Upsilon Ceti,Cetus,υ Cet,12274
12,Delta Ceti,Cetus,δ Cet,16582
13,Mu Ceti,Cetus,μ Cet,17094
14,Xi-2 Ceti,Cetus,ξ2 Cet,15318
15,Lambda Ceti,Cetus,λ Cet,18604
1,Alpha Chamaeleontis,Chamaeleon,α Cha,71243
2,Gamma Chamaeleontis,Chamaeleon,γ Cha,92305
3,Beta Chamaeleontis,Chamaeleon,β Cha,106911
4,Theta Chamaeleontis,Chamaeleon,θ Cha,71701
5,Epsilon Chamaeleontis,Chamaeleon,ε Cha,104174
6,Delta-1 Chamaeleontis,Chamaeleon,δ1 Cha,93779
1,Alpha Circini,Circinus,α Cir,128898
2,Beta Circini,Circinus,β Cir,135379
3,Gamma Circini,Circinus,γ Cir,136415
1,Phact,Columba,Phact,37795
2,Wezn,Columba,Wezn,39425
3,Delta Columbae,Columba,δ Col,44762
4,Epsilon Columbae,Columba,ε Col,36597
5,Eta Columbae,Columba,η Col,40808
6,Gamma Columbae,Columba,γ Col,40494
7,Kappa Columbae,Columba,κ Col,43785
8,Lambda Columbae,Columba,λ Col,39764
9,Xi Columbae,Columba,ξ Col,40176
10,Theta Columbae,Columba,θ Col,42167
9,Beta Comae Berenices,Coma Berenices,β Com,114710
10,Diadem,Coma Berenices,Diadem,114378
11,Gamma Comae Berenices,Coma Berenices,γ Com,108381
1,Alfecca Meridiana,Corona Australis,Alfecca Meridiana,178253
2,Beta Coronae Australis,Corona Australis,β CrA,178345
3,Gamma Coronae Australis,Corona Australis,γ CrA,177475
4,Delta Coronae Australis,Corona Australis,δ CrA,177873
5,Zeta Coronae Australis,Corona Australis,ζ CrA,176638
6,Theta Coronae Australis,Corona Australis,θ CrA,170845
1,Alphecca,Corona Borealis,Alphecca,139006
2,Nusakan,Corona Borealis,Nusakan,137909
3,Gamma Coronae Borealis,Corona Borealis,γ CrB,140436
4,Epsilon Coronae Borealis,Corona Borealis,ε CrB,143107
5,Theta Coronae Borealis,Corona Borealis,θ CrB,138749
6,Delta Coronae Borealis,Corona Borealis,δ CrB,141714
7,Iota Coronae Borealis,Corona Borealis,ι CrB,143807
1,Gienah,Corvus,Gienah,106625
2,Kraz,Corvus,Kraz,109379
3,Algorab,Corvus,Algorab,108767
4,Epsilon Corvi,Corvus,ε Crv,105707
5,Alchiba,Corvus,Alchiba,105452
1,Delta Crateris,Crater,δ Crt,98430
2,Alkes,Crater,Alkes,95272
3,Gamma Crateris,Crater,γ Crt,99211
4,Beta Crateris,Crater,β Crt,97277
5,Theta Crateris,Crater,θ Crt,100889
6,Zeta Crateris,Crater,ζ Crt,102070
7,Epsilon Crateris,Crater,ε Crt,99167
8,Eta Crateris,Crater,η Crt,103632
1,Alpha Crucis,Crux,α Cru,108250
2,Mimosa,Crux,Mimosa,111123
3,Gacrux,Crux,Gacrux,108903
4,Delta Crucis,Crux,δ Cru,106490
3,Deneb,Cygnus,Deneb,197345
4,Gamma Cygni,Cygnus,γ Cyg,194093
5,Gienah,Cygnus,Gienah,106625
6,Delta Cygni,Cygnus,δ Cyg,186882
7,Beta Cygni,Cygnus,β Cyg,Manual
8,Zeta Cygni,Cygnus,ζ Cyg,202109
9,Omicron-1 Cygni,Cygnus,ο1 Cyg,192577
10,Xi Cygni,Cygnus,ξ Cyg,200905
11,Iota Cygni,Cygnus,ι Cyg,184006
12,Tau Cygni,Cygnus,τ Cyg,202444
13,Kappa Cygni,Cygnus,κ Cyg,181276
14,Eta Cygni,Cygnus,η Cyg,188947
15,Nu Cygni,Cygnus,ν Cyg,199629
16,Omicron-2 Cygni,Cygnus,ο2 Cyg,192909
17,Pennae Caudalis,Cygnus,Pennae Caudalis,207330
18,Sigma Cygni,Cygnus,σ Cyg,202850
19,Azelfafage,Cygnus,Azelfafage,206672
20,Omega-2 Cygni,Cygnus,ω2 Cyg,195774
1,Rotanev,Delphinus,Rotanev,196524
2,Sualocin,Delphinus,Sualocin,196867
3,Gamma Delphini,Delphinus,γ Del,Manual
4,Deneb Dulfim,Delphinus,Deneb Dulfim,195810
5,Delta Delphini,Delphinus,δ Del,197461
2,Alpha Doradus,Dorado,α Dor,29305
3,Beta Doradus,Dorado,β Dor,37350
4,Gamma Doradus,Dorado,γ Dor,27290
5,Delta Doradus,Dorado,δ Dor,39014
6,Zeta Doradus,Dorado,ζ Dor,33262
2,Etamin,Draco,Etamin,164058
3,Aldibain,Draco,Aldibain,148387
4,Beta Draconis,Draco,β Dra,159181
5,Altais,Draco,Altais,180711
6,Aldhibah,Draco,Aldhibah,155763
7,Ed Asich,Draco,Ed Asich,137759
8,Chi Draconis,Draco,χ Dra,170153
9,Thuban,Draco,Thuban,123299
10,Grumium,Draco,Grumium,163588
11,Kappa Draconis,Draco,κ Dra,109387
12,Tyl,Draco,Tyl,188119
13,Gianfar,Draco,Gianfar,100029
14,Theta Draconis,Draco,θ Dra,144284
15,Phi Draconis,Draco,φ Dra,170000
16,Dsiban,Draco,Dsiban,162003
17,Alsafi,Draco,Alsafi,185144
18,Upsilon Draconis,Draco,υ Dra,176524
19,Nu Draconis,Draco,ν Dra,Manual
20,Arrakis,Draco,Arrakis,154905
1,Kitalpha,Equuleus,Kitalpha,202447
2,Delta Equulei,Equuleus,δ Equ,202275
3,Gamma Equulei,Equuleus,γ Equ,201601
1,Achernar,Eridanus,Achernar,10144
2,Cursa,Eridanus,Cursa,33111
3,Gamma Eridani,Eridanus,γ Eri,25025
4,Acamar,Eridanus,Acamar,18622
5,Delta Eridani,Eridanus,δ Eri,23249
6,Tau-4 Eridani,Eridanus,τ4 Eri,20720
7,Chi Eridani,Eridanus,χ Eri,11937
8,Epsilon Eridani,Eridanus,ε Eri,22049
9,Upsilon-2 Eridani,Eridanus,υ2 Eri,29291
10,Azha,Eridanus,Azha,18322
11,Sceptrum,Eridanus,Sceptrum,29503
12,Nu Eridani,Eridanus,ν Eri,29248
13,Mu Eridani,Eridanus,μ Eri,30211
14,Beid,Eridanus,Beid,26574
15,Tau-3 Eridani,Eridanus,τ3 Eri,18978
16,Iota Eridani,Eridanus,ι Eri,16815
17,Tau-6 Eridani,Eridanus,τ6 Eri,23754
18,Kappa Eridani,Eridanus,κ Eri,15371
19,Tau-5 Eridani,Eridanus,τ5 Eri,22203
20,Pi Eridani,Eridanus,π Eri,23614
21,Keid,Eridanus,Keid,26965
22,Tau-1 Eridani,Eridanus,τ1 Eri,17206
23,Upsilon-1 Eridani,Eridanus,υ1 Eri,29085
24,Tau-9 Eridani,Eridanus,τ9 Eri,25267
25,Tau-8 Eridani,Eridanus,τ8 Eri,24587
26,Angetenar,Eridanus,Angetenar,17824
27,Zeta Eridani,Eridanus,ζ Eri,20320
1,Dalim,Fornax,Dalim,20010
2,Beta Fornacis,Fornax,β For,17652
3,Nu Fornacis,Fornax,ν For,12767
4,Omega Fornacis,Fornax,ω For,16046
2,Pollux,Gemini,Pollux,62509
3,Alpha Geminorum,Gemini,α Gem,Manual
4,Alhena,Gemini,Alhena,47105
5,Tejat Posterior,Gemini,Tejat Posterior,44478
6,Mebsuta,Gemini,Mebsuta,48329
7,Eta Geminorum,Gemini,η Gem,42995
8,Eta Geminorum,Gemini,η Gem,42995
9,Xi Geminorum,Gemini,ξ Gem,48737
10,Delta Geminorum,Gemini,δ Gem,56986
11,Kappa Geminorum,Gemini,κ Gem,62345
12,Lambda Geminorum,Gemini,λ Gem,56537
13,Theta Geminorum,Gemini,θ Gem,50019
14,Mekbuda,Gemini,Mekbuda,52973
15,Upsilon Geminorum,Gemini,υ Gem,60522
16,Nu Geminorum,Gemini,ν Gem,Manual
17,Rho Geminorum,Gemini,ρ Gem,58946
18,Tau Geminorum,Gemini,τ Gem,54719
1,Alnair,Grus,Alnair,Manual
2,Beta Gruis,Grus,β Gru,214952
3,Gamma Gruis,Grus,γ Gru,207971
4,Epsilon Gruis,Grus,ε Gru,215789
5,Iota Gruis,Grus,ι Gru,218670
6,Delta-1 Gruis,Grus,δ1 Gru,213009
7,Zeta Gruis,Grus,ζ Gru,217364
8,Delta-2 Gruis,Grus,δ2 Gru,213080
9,Theta Gruis,Grus,θ Gru,218227
10,Lambda Gruis,Grus,λ Gru,209688
11,Mu-1 Gruis,Grus,μ1 Gru,211088
12,Rho Gruis,Grus,ρ Gru,215104
3,Kornephoros,Hercules,Kornephoros,148856
4,Zeta Herculis,Hercules,ζ Her,150680
5,Sarin,Hercules,Sarin,156164
6,Pi Herculis,Hercules,π Her,156283
7,Mu Herculis,Hercules,μ Her,161797
8,Rasalgethi,Hercules,Rasalgethi,156014
9,Eta Herculis,Hercules,η Her,150997
10,Xi Herculis,Hercules,ξ Her,163993
11,Gamma Herculis,Hercules,γ Her,147547
12,Iota Herculis,Hercules,ι Her,160762
13,Omicron Herculis,Hercules,ο Her,166014
14,Rukbalgethi Genubi,Hercules,Rukbalgethi Genubi,163770
15,Rukbalgethi Shemali,Hercules,Rukbalgethi Shemali,147394
16,Epsilon Herculis,Hercules,ε Her,153808
17,Rho Herculis,Hercules,ρ Her,157778
18,Sigma Herculis,Hercules,σ Her,149630
19,Phi Herculis,Hercules,φ Her,145389
20,Maasym,Hercules,Maasym,158899
21,Omega Herculis,Hercules,ω Her,148112
22,Chi Herculis,Hercules,χ Her,142373
23,Kappa Herculis,Hercules,κ Her,Manual
1,Alpha Horologii,Horologium,α Hor,26967
2,R Horologii,Horologium,R Hor,18242
3,Beta Horologii,Horologium,β Hor,18866
4,Mu Horologii,Horologium,μ Hor,19319
5,Zeta Horologii,Horologium,ζ Hor,16920
6,Eta Horologii,Horologium,η Hor,16555
7,Iota Horologii,Horologium,ι Hor,17051
4,Alphard,Hydra,Alphard,81797
5,Gamma Hydrae,Hydra,γ Hya,115659
6,Hydrobius,Hydra,Hydrobius,76294
7,Nu Hydrae,Hydra,ν Hya,93813
8,Pi Hydrae,Hydra,π Hya,123123
9,Ashlesha,Hydra,Ashlesha,74874
10,Xi Hydrae,Hydra,ξ Hya,100407
11,Lambda Hydrae,Hydra,λ Hya,88284
12,Mu Hydrae,Hydra,μ Hya,90432
13,Theta Hydrae,Hydra,θ Hya,79469
14,Iota Hydrae,Hydra,ι Hya,83618
15,Upsilon-1 Hydrae,Hydra,υ1 Hya,85444
16,Delta Hydrae,Hydra,δ Hya,73262
17,Beta Hydrae,Hydra,β Hya,103192
18,Eta Hydrae,Hydra,η Hya,74280
19,Minchir,Hydra,Minchir,73471
1,Beta Hydri,Hydrus,β Hyi,2151
2,Head of Hydrus,Hydrus,Head of Hydrus,12311
3,Gamma Hydri,Hydrus,γ Hyi,24512
4,Delta Hydri,Hydrus,δ Hyi,15008
5,Epsilon Hydri,Hydrus,ε Hyi,16978
6,Eta-2 Hydri,Hydrus,η2 Hyi,11977
7,Nu Hydri,Hydrus,ν Hyi,18293
8,Zeta Hydri,Hydrus,ζ Hyi,17566
1,Alpha Indi,Indus,α Ind,196171
2,Beta Indi,Indus,β Ind,198700
3,Delta Indi,Indus,δ Ind,208450
4,Theta Indi,Indus,θ Ind,202730
5,Eta Indi,Indus,η Ind,197157
1,Alpha Lacertae,Lacerta,α Lac,213558
2,Beta Lacertae,Lacerta,β Lac,212496
3,1 Lacertae,Lacerta,1 Lac,211388
4,5 Lacertae,Lacerta,5 Lac,213310
5,2 Lacertae,Lacerta,2 Lac,212120
6,4 Lacertae,Lacerta,4 Lac,212593
6,Regulus,Leo,Regulus,87901
7,Gamma Leonis,Leo,γ Leo,Manual
8,Denebola,Leo,Denebola,102647
9,Zosma,Leo,Zosma,97603
10,Ras Elased Australis,Leo,Ras Elased Australis,84441
11,Chertan,Leo,Chertan,97633
12,Adhafera,Leo,Adhafera,89025
13,Eta Leonis,Leo,η Leo,87737
14,Subra,Leo,Subra,83808
15,Rho Leonis,Leo,ρ Leo,91316
16,Ras Elased Borealis,Leo,Ras Elased Borealis,85503
17,Iota Leonis,Leo,ι Leo,99028
18,Sigma Leonis,Leo,σ Leo,98664
19,Alterf,Leo,Alterf,82308
20,Al Minliar al Asad,Leo,Al Minliar al Asad,81146
21,Chi Leonis,Leo,χ Leo,96097
22,Pi Leonis,Leo,π Leo,86663
1,46 Leonis Minoris,Leo Minor,46 LMi,94264
2,Beta Leonis Minoris,Leo Minor,β LMi,90537
3,21 Leonis Minoris,Leo Minor,21 LMi,87696
4,10 Leonis Minoris,Leo Minor,10 LMi,82635
2,Arneb,Lepus,Arneb,36673
3,Nihal,Lepus,Nihal,36079
4,Epsilon Leporis,Lepus,ε Lep,32887
5,Mu Leporis,Lepus,μ Lep,33904
6,Theta Leporis,Lepus,θ Lep,41695
7,Zeta Leporis,Lepus,ζ Lep,38678
8,Gamma Leporis,Lepus,γ Lep,38393
9,Eta Leporis,Lepus,η Lep,40136
10,Delta Leporis,Lepus,δ Lep,39364
11,Lambda Leporis,Lepus,λ Lep,34816
12,Kappa Leporis,Lepus,κ Lep,33949
1,Beta Librae,Libra,β Lib,135742
2,Alpha Librae,Libra,α Lib,Manual
3,Brachium,Libra,Brachium,133216
4,Upsilon Librae,Libra,υ Lib,139063
5,Tau Librae,Libra,τ Lib,139365
6,Gamma Librae,Libra,γ Lib,138905
7,Theta Librae,Libra,θ Lib,142198
8,Zuben Elakribi,Libra,Zuben Elakribi,132742
1,Alpha Lupi,Lupus,α Lup,129056
2,Kekouan,Lupus,Kekouan,132058
3,Gamma Lupi,Lupus,γ Lup,138690
4,Delta Lupi,Lupus,δ Lup,136298
5,Epsilon Lupi,Lupus,ε Lup,136504
6,Zeta Lupi,Lupus,ζ Lup,134505
7,Eta Lupi,Lupus,η Lup,143118
8,Iota Lupi,Lupus,ι Lup,125238
9,Phi-1 Lupi,Lupus,φ1 Lup,136422
10,Pi Lupi,Lupus,π Lup,133242
11,Chi Lupi,Lupus,χ Lup,141556
1,Alpha Lyncis,Lynx,α Lyn,80493
2,38 Lyncis,Lynx,38 Lyn,80081
3,Alsciaukat,Lynx,Alsciaukat,70272
4,2 Lyncis,Lynx,2 Lyn,43378
3,Vega,Lyra,Vega,172167
4,Sulafat,Lyra,Sulafat,176437
5,Sheliak,Lyra,Sheliak,174638
6,Delta-2 Lyrae,Lyra,δ2 Lyr,175588
7,Theta Lyrae,Lyra,θ Lyr,180809
8,Aladfar,Lyra,Aladfar,180163
9,Zeta Lyrae,Lyra,ζ Lyr,Manual
10,Epsilon Lyrae,Lyra,ε Lyr,Manual
11,Lambda Lyrae,Lyra,λ Lyr,176670
12,Alathfar,Lyra,Alathfar,169702
1,Alpha Mensae,Mensa,α Men,43834.0
2,Beta Mensae,Mensa,β Men,33285.0
3,Gamma Mensae,Mensa,γ Men,37763.0
4,Eta Mensae,Mensa,η Men,32440.0
1,Gamma Microscopii,Microscopium,γ Mic,199951
2,Epsilon Microscopii,Microscopium,ε Mic,202627
3,Theta-1 Microscopii,Microscopium,θ1 Mic,203006
4,Alpha Microscopii,Microscopium,α Mic,198232
5,Iota Microscopii,Microscopium,ι Mic,197937
2,Alpha Monocerotis,Monoceros,α Mon,61935
3,Gamma Monocerotis,Monoceros,γ Mon,43232
4,Delta Monocerotis,Monoceros,δ Mon,55185
5,Zeta Monocerotis,Monoceros,ζ Mon,67594
6,Beta Monocerotis,Monoceros,β Mon,Manual
1,Alpha Muscae,Musca,α Mus,109668
2,Beta Muscae,Musca,β Mus,110879
3,Delta Muscae,Musca,δ Mus,112985
4,Lambda Muscae,Musca,λ Mus,102249
5,Gamma Muscae,Musca,γ Mus,109026
6,Epsilon Muscae,Musca,ε Mus,106849
1,Gamma-2 Normae,Norma,γ2 Nor,146686
2,Gamma-1 Normae,Norma,γ1 Nor,146143
3,Epsilon Normae,Norma,ε Nor,147971
4,Iota-1 Normae,Norma,ι1 Nor,143474
5,Eta Normae,Norma,η Nor,143546
6,Delta Normae,Norma,δ Nor,144197
1,Nu Octantis,Octans,ν Oct,205478
2,Beta Octantis,Octans,β Oct,214846
3,Delta Octantis,Octans,δ Oct,124882
4,Theta Octantis,Octans,θ Oct,224889
5,Epsilon Octantis,Octans,ε Oct,210967
6,Polaris Australis,Octans,Polaris Australis,177482
8,Rasalhague,Ophiuchus,Rasalhague,159561
9,Sabik,Ophiuchus,Sabik,155125
10,Han,Ophiuchus,Han,149757
11,Yed Prior,Ophiuchus,Yed Prior,146051
12,Cebalrai,Ophiuchus,Cebalrai,161096
13,Kappa Ophiuchi,Ophiuchus,κ Oph,153210
14,Yed Posterior,Ophiuchus,Yed Posterior,146791
15,Theta Ophiuchi,Ophiuchus,θ Oph,157056
16,Sinistra,Ophiuchus,Sinistra,163917
17,Gamma Ophiuchi,Ophiuchus,γ Oph,161868
18,Marfic,Ophiuchus,Marfic,148857
4,Betelgeuse,Orion,Betelgeuse,39801
5,Rigel,Orion,Rigel,34085
6,Bellatrix,Orion,Bellatrix,35468
7,Alnilam,Orion,Alnilam,37128
8,Zeta Orionis,Orion,ζ Ori,Manual
9,Saif,Orion,Saif,35411
10,Delta Orionis,Orion,δ Ori,Manual
11,Iota Orionis,Orion,ι Ori,37043
12,Pi-3 Orionis,Orion,π3 Ori,30652
13,Eta Orionis,Orion,η Ori,35411
14,Lambda Orionis,Orion,λ Ori,Manual
15,Pi-4 Orionis,Orion,π4 Ori,30836
16,Sigma Orionis,Orion,σ Ori,Manual
17,Pi-5 Orionis,Orion,π5 Ori,31237
18,Omicron-2 Orionis,Orion,ο2 Ori,31421
19,Mu Orionis,Orion,μ Ori,40932
20,Pi-2 Orionis,Orion,π2 Ori,30739
21,Chi-1 Orionis,Orion,χ1 Ori,39587
22,Nu Orionis,Orion,ν Ori,41753
23,Xi Orionis,Orion,ξ Ori,42560
24,Thabit,Orion,Thabit,36512
25,Chi-2 Orionis,Orion,χ2 Ori,41117
26,Pi-1 Orionis,Orion,π1 Ori,31295
27,Pi-6 Orionis,Orion,π6 Ori,31767
28,Omicron-1 Orionis,Orion,ο1 Ori,30959
1,Peacock,Pavo,Peacock,193924
2,Beta Pavonis,Pavo,β Pav,197051
3,Delta Pavonis,Pavo,δ Pav,190248
4,Eta Pavonis,Pavo,η Pav,160635
5,Epsilon Pavonis,Pavo,ε Pav,188228
6,Lambda Pavonis,Pavo,λ Pav,173948
7,Zeta Pavonis,Pavo,ζ Pav,171759
8,Gamma Pavonis,Pavo,γ Pav,203608
9,Pi Pavonis,Pavo,π Pav,165040
10,Kappa Pavonis,Pavo,κ Pav,174694
11,Xi Pavonis,Pavo,ξ Pav,168339
2,Enif,Pegasus,Enif,206778
3,Beta Pegasi,Pegasus,β Peg,217906
4,Alpha Pegasi,Pegasus,α Peg,218045
5,Gamma Pegasi,Pegasus,γ Peg,886
6,Matar,Pegasus,Matar,215182
7,Homam,Pegasus,Homam,214923
8,Sadalbari,Pegasus,Sadalbari,216131
9,Baham,Pegasus,Baham,210418
10,Iota Pegasi,Pegasus,ι Peg,210027
11,Lambda Pegasi,Pegasus,λ Peg,215665
12,Jih,Pegasus,Jih,206901
13,Pi-1 Pegasi,Pegasus,π1 Peg,210354
14,Salm,Pegasus,Salm,220061
3,Mirphak,Perseus,Mirphak,20902
4,Algol,Perseus,Algol,19356
5,Zeta Persei,Perseus,ζ Per,24398
6,Epsilon Persei,Perseus,ε Per,24760
7,Gamma Persei,Perseus,γ Per,Manual
8,Delta Persei,Perseus,δ Per,22928
9,Gorgonea Tertia,Perseus,Gorgonea Tertia,19058
10,Nu Persei,Perseus,ν Per,23230
11,Miram,Perseus,Miram,17506
12,Kappa Persei,Perseus,κ Per,19476
13,Omicron Persei,Perseus,ο Per,23180
14,Tau Persei,Perseus,τ Per,Manual
15,Xi Persei,Perseus,ξ Per,24912
16,Iota Persei,Perseus,ι Per,19373
17,Mu Persei,Perseus,μ Per,26630
18,Theta Persei,Perseus,θ Per,16895
19,Lambda Persei,Perseus,λ Per,25642
20,Omega Persei,Perseus,ω Per,19656
21,Gorgonea Secunda,Perseus,Gorgonea Secunda,18411
1,Ankaa,Phoenix,Ankaa,2261
2,Beta Phoenicis,Phoenix,β Phe,6595
3,Gamma Phoenicis,Phoenix,γ Phe,9053
4,Epsilon Phoenicis,Phoenix,ε Phe,496
5,Delta Phoenicis,Phoenix,δ Phe,9362
6,Kappa Phoenicis,Phoenix,κ Phe,2262
7,Zeta Phoenicis,Phoenix,ζ Phe,6882
8,Eta Phoenicis,Phoenix,η Phe,4150
9,Psi Phoenicis,Phoenix,ψ Phe,11695
10,Mu Phoenicis,Phoenix,μ Phe,3919
11,Iota Phoenicis,Phoenix,ι Phe,221760
12,Lambda-1 Phoenicis,Phoenix,λ1 Phe,2834
13,Nu Phoenicis,Phoenix,ν Phe,7570
1,Alpha Pictoris,Pictor,α Pic,50241
2,Beta Pictoris,Pictor,β Pic,39060
3,Gamma Pictoris,Pictor,γ Pic,39523
4,Delta Pictoris,Pictor,δ Pic,42933
2,Eta Piscium,Pisces,η Psc,9270
3,Gamma Piscium,Pisces,γ Psc,219615
4,Alrischa,Pisces,Alrischa,12446
5,Omega Piscium,Pisces,ω Psc,224617
6,Iota Piscium,Pisces,ι Psc,222368
7,Omicron Piscium,Pisces,ο Psc,10761
8,Theta Piscium,Pisces,θ Psc,220954
9,Epsilon Piscium,Pisces,ε Psc,6186
10,Delta Piscium,Pisces,δ Psc,4656
11,Nu Piscium,Pisces,ν Psc,10380
12,Lambda Piscium,Pisces,λ Psc,222603
13,Tau Piscium,Pisces,τ Psc,7106
14,Fum al Samakah,Pisces,Fum al Samakah,217891
15,Xi Piscium,Pisces,ξ Psc,11559
16,Chi Piscium,Pisces,χ Psc,7087
17,Phi Piscium,Pisces,φ Psc,7318
18,Upsilon Piscium,Pisces,υ Psc,7964
19,Mu Piscium,Pisces,μ Psc,9138
20,Kappa Piscium,Pisces,κ Psc,220825
1,Fomalhaut,Piscis Austrinus,Fomalhaut,216956
2,Epsilon Piscis Austrini,Piscis Austrinus,ε PsA,214748
3,Delta Piscis Austrini,Piscis Austrinus,δ PsA,216763
4,Beta Piscis Austrini,Piscis Austrinus,β PsA,213398
5,Iota Piscis Austrini,Piscis Austrinus,ι PsA,206742
6,Gamma Piscis Austrini,Piscis Austrinus,γ PsA,216336
7,Mu Piscis Austrini,Piscis Austrinus,μ PsA,210049
8,Tau Piscis Austrini,Piscis Austrinus,τ PsA,210302
9,Upsilon Piscis Austrini,Piscis Austrinus,υ PsA,210066
10,Theta Piscis Austrini,Piscis Austrinus,θ PsA,207155
4,Naos,Puppis,Naos,66811
5,Tureis,Puppis,Tureis,67523
6,Turais,Puppis,Turais,80404
7,Tau Puppis,Puppis,τ Pup,50310
8,Nu Puppis,Puppis,ν Pup,47670
9,Sigma Puppis,Puppis,σ Pup,59717
10,Azmidiske,Puppis,Azmidiske,63700
1,Alpha Pyxidis,Pyxis,α Pyx,74575
2,Beta Pyxidis,Pyxis,β Pyx,74006
3,Gamma Pyxidis,Pyxis,γ Pyx,75691
4,Kappa Pyxidis,Pyxis,κ Pyx,78541
5,Lambda Pyxidis,Pyxis,λ Pyx,81169
6,Theta Pyxidis,Pyxis,θ Pyx,80874
7,Zeta Pyxidis,Pyxis,ζ Pyx,73898
8,Delta Pyxidis,Pyxis,δ Pyx,76483
1,Alpha Reticuli,Reticulum,α Ret,27256
2,Beta Reticuli,Reticulum,β Ret,23817
3,Epsilon Reticuli,Reticulum,ε Ret,27442
4,Gamma Reticuli,Reticulum,γ Ret,25705
5,Delta Reticuli,Reticulum,δ Ret,25422
6,Kappa Reticuli,Reticulum,κ Ret,22001
7,Iota Reticuli,Reticulum,ι Ret,25728
2,Gamma Sagittae,Sagitta,γ Sge,189319
3,Delta Sagittae,Sagitta,δ Sge,187076
4,Alpha Sagittae,Sagitta,α Sge,185758
5,Beta Sagittae,Sagitta,β Sge,185958
16,Kaus Australis,Sagittarius,Kaus Australis,169022
17,Nunki,Sagittarius,Nunki,175191
18,Ascella,Sagittarius,Ascella,176687
19,Kaus Media,Sagittarius,Kaus Media,168454
20,Kaus Borealis,Sagittarius,Kaus Borealis,169916
21,Pi Sagittarii,Sagittarius,π Sgr,178524
22,Alnasl,Sagittarius,Alnasl,165135
23,Eta Sagittarii,Sagittarius,η Sgr,167618
24,Phi Sagittarii,Sagittarius,φ Sgr,173300
25,Tau Sagittarii,Sagittarius,τ Sgr,177716
26,Omicron Sagittarii,Sagittarius,ο Sgr,177241
27,Polis,Sagittarius,Polis,166937
28,Rho-1 Sagittarii,Sagittarius,ρ1 Sgr,181577
29,Arkab Prior,Sagittarius,Arkab Prior,181454
30,Rukbat,Sagittarius,Rukbat,181869
31,Iota Sagittarii,Sagittarius,ι Sgr,188114
32,Arkab Posterior,Sagittarius,Arkab Posterior,181623
33,Theta-1 Sagittarii,Sagittarius,θ1 Sgr,189103
34,Omega Sagittarii,Sagittarius,ω Sgr,188376
35,Nu-1 Sagittarii,Sagittarius,ν1 Sgr,174974
5,Antares,Scorpius,Antares,148479
6,Shaula,Scorpius,Shaula,158926
7,Sargas,Scorpius,Sargas,159532
8,Dschubba,Scorpius,Dschubba,143275
9,Wei,Scorpius,Wei,151680
10,Girtab,Scorpius,Girtab,160578
11,Acrab,Scorpius,Acrab,144217
12,Lesath,Scorpius,Lesath,158408
13,Sigma Scorpii,Scorpius,σ Sco,147165
14,Sigma Scorpii,Scorpius,σ Sco,147165
15,Pi Scorpii,Scorpius,π Sco,143018
16,Apollyon,Scorpius,Apollyon,161471
17,Mu-1 Scorpii,Scorpius,μ1 Sco,151890
18,Eta Scorpii,Scorpius,η Sco,155203
19,Mu-2 Scorpii,Scorpius,μ2 Sco,151985
20,Rho Scorpii,Scorpius,ρ Sco,142669
21,Nu Scorpii,Scorpius,ν Sco,145502
22,Graffias,Scorpius,Graffias,144217
1,Alpha Sculptoris,Sculptor,α Scl,5737
2,Beta Sculptoris,Sculptor,β Scl,221507
3,Gamma Sculptoris,Sculptor,γ Scl,219784
4,Delta Sculptoris,Sculptor,δ Scl,223352
5,Eta Sculptoris,Sculptor,η Scl,2429
3,Alpha Scuti,Scutum,α Sct,171443
4,Beta Scuti,Scutum,β Sct,173764
5,Delta Scuti,Scutum,δ Sct,172748
6,Gamma Scuti,Scutum,γ Sct,170296
7,Zeta Scuti,Scutum,ζ Sct,169156
8,Epsilon Scuti,Scutum,ε Sct,173009
3,Unukalhai,Serpens,Unukalhai,140573
4,Eta Serpentis,Serpens,η Ser,168723
5,Mu Serpentis,Serpens,μ Ser,141513
6,Xi Serpentis,Serpens,ξ Ser,159876
7,Beta Serpentis,Serpens,β Ser,141003
8,Epsilon Serpentis,Serpens,ε Ser,141795
9,Delta Serpentis,Serpens,δ Ser,141795
10,Gamma Serpentis,Serpens,γ Ser,142860
11,Kappa Serpentis,Serpens,κ Ser,141477
12,Nu Serpentis,Serpens,ν Ser,156928
13,Lambda Serpentis,Serpens,λ Ser,141004
14,Iota Serpentis,Serpens,ι Ser,140159
15,Alya,Serpens,Alya,175638
1,Alpha Sextantis,Sextans,α Sex,87887
2,Beta Sextantis,Sextans,β Sex,90994
3,Gamma Sextantis,Sextans,γ Sex,85558
4,Delta Sextantis,Sextans,δ Sex,90882
3,Aldebaran,Taurus,Aldebaran,29139
4,Beta Tauri,Taurus,β Tau,35497
5,Alcyone,Taurus,Alcyone,23607
6,Zeta Tauri,Taurus,ζ Tau,37202
7,Lambda Tauri,Taurus,λ Tau,25204
8,Epsilon Tauri,Taurus,ε Tau,28305
9,Gamma Tauri,Taurus,γ Tau,27371
10,Xi Tauri,Taurus,ξ Tau,21364
11,Hyadum II,Taurus,Hyadum II,27697
12,Theta Tauri,Taurus,θ Tau,Manual
13,Nu Tauri,Taurus,ν Tau,25490
14,Tau Tauri,Taurus,τ Tau,29763
15,Mu Tauri,Taurus,μ Tau,26912
16,Omicron Tauri,Taurus,ο Tau,21120
1,Alpha Telescopii,Telescopium,α Tel,169467
2,Zeta Telescopii,Telescopium,ζ Tel,169767
3,Epsilon Telescopii,Telescopium,ε Tel,166063
4,Lambda Telescopii,Telescopium,λ Tel,175510
5,Xi Telescopii,Telescopium,ξ Tel,190421
6,Iota Telescopii,Telescopium,ι Tel,184127
2,Beta Trianguli,Triangulum,β Tri,13161
3,Mothalla,Triangulum,Mothalla,11443
4,Gamma Trianguli,Triangulum,γ Tri,14055
5,Delta Trianguli,Triangulum,δ Tri,13974
1,Atria,Triangulum Australe,Atria,150798
2,Betria,Triangulum Australe,Betria,141891
3,Gatria,Triangulum Australe,Gatria,135382
4,Delta Triangulum Australis,Triangulum Australe,δ TrA,145544
5,Epsilon Triangulum Australis,Triangulum Australe,ε TrA,138538
1,Alpha Tucanae,Tucana,α Tuc,211416
2,Gamma Tucanae,Tucana,γ Tuc,219571
3,Zeta Tucanae,Tucana,ζ Tuc,1581
4,Beta Tucanae,Tucana,β Tuc,Manual
5,Epsilon Tucanae,Tucana,ε Tuc,224686
6,Delta Tucanae,Tucana,δ Tuc,212581
7,Nu Tucanae,Tucana,ν Tuc,213442
8,Eta Tucanae,Tucana,η Tuc,224392
8,Alioth,Ursa Major,Alioth,112185
9,Dubhe,Ursa Major,Dubhe,95689
10,Alkaid,Ursa Major,Alkaid,120315
11,Mizar,Ursa Major,Mizar,116656
12,Merak,Ursa Major,Merak,95418
13,Phad,Ursa Major,Phad,103287
14,Psi Ursae Majoris,Ursa Major,ψ UMa,96833
15,Iota Ursae Majoris,Ursa Major,ι UMa,76644
16,Theta Ursae Majoris,Ursa Major,θ UMa,82328
17,Megrez,Ursa Major,Megrez,106591
18,Omicron Ursae Majoris,Ursa Major,ο UMa,71369
19,Tania Borealis,Ursa Major,Tania Borealis,89021
20,Nu Ursae Majoris,Ursa Major,ν UMa,98262
21,Tania Australis,Ursa Major,Tania Australis,89758
22,Kappa Ursae Majoris,Ursa Major,κ UMa,77327
23,Chi Ursae Majoris,Ursa Major,χ UMa,102224
24,Upsilon Ursae Majoris,Ursa Major,υ UMa,84999
25,Xi Ursae Majoris,Ursa Major,ξ UMa,98231
26,Alcor,Ursa Major,Alcor,116842
1,Polaris,Ursa Minor,Polaris,8890
2,Beta Ursae Minoris,Ursa Minor,β UMi,131873
3,Gamma Ursae Minoris,Ursa Minor,γ UMi,137422
4,Epsilon Ursae Minoris,Ursa Minor,ε UMi,153751
5,Zeta Ursae Minoris,Ursa Minor,ζ UMi,142105
6,Yildun,Ursa Minor,Yildun,166205
7,Anwar al Farkadain,Ursa Minor,Anwar al Farkadain,148048
1,Gamma Velorum,Vela,γ Vel,68243
2,Koo She,Vela,Koo She,74956
3,Lambda Velorum,Vela,λ Vel,78647
4,Kappa Velorum,Vela,κ Vel,81188
5,Mu Velorum,Vela,μ Vel,93497
6,Phi Velorum,Vela,φ Vel,86440
7,Psi Velorum,Vela,ψ Vel,Manual
12,Spica,Virgo,Spica,116658
13,Porrima,Virgo,Porrima,110379
14,Vindemiatrix,Virgo,Vindemiatrix,113226
15,Heze,Virgo,Heze,118098
16,Auva,Virgo,Auva,112300
17,Zavijava,Virgo,Zavijava,102870
18,Rijl al Awwa,Virgo,Rijl al Awwa,129502
19,Zaniah,Virgo,Zaniah,107259
20,Syrma,Virgo,Syrma,124850
1,Beta Volantis,Volans,β Vol,71878
2,Gamma Volantis,Volans,γ Vol,Manual
3,Zeta Volantis,Volans,ζ Vol,63295
4,Delta Volantis,Volans,δ Vol,57623
5,Alpha Volantis,Volans,α Vol,78045
6,Epsilon Volantis,Volans,ε Vol,68520
2,Anser,Vulpecula,Anser,183439
3,23 Vulpeculae,Vulpecula,23 Vul,192806
4,13 Vulpeculae,Vulpecula,13 Vul,188260
5,31 Vulpeculae,Vulpecula,31 Vul,198809
6,15 Vulpeculae,Vulpecula,15 Vul,189849
7,1 Vulpeculae,Vulpecula,1 Vul,180554
